,motif
0,+0+0+0+0+0+0
1,+0+0+0+0+0+1
2,+0+0+0+0+1+1
3,+0+0+0+0+2+1
4,+0+0+0+0+2+2
5,+0+0+0+0+0+2
6,+0+0+0+0+0-1
7,+0+0+0+0+0-2
8,+0+0+0+0-1+1
9,+0+0+0+1+0+1
10,+0+0+0+0-2-1
11,+0+0+0+1+1+1
12,+0+0+0+1+1+0
13,+0+0+0+0-2+1
14,+0+0+0+0-1-1
15,+0+0+1+0+1+0
16,+0+0+0+0-2-2
17,+0+0+0+1+2+2
18,+0+0+1+0+1+1
19,+0+0+2+2+1+0
20,+0+0+0+2+0+1
21,+0+0+0+1+1+2
22,+0+0+0+0-1+2
23,+0+0+2+0+1+0
24,+0+0+0+1+2+1
25,+0+0+2+2+1+1
26,+0+0+2+1+1+0
27,+0+0+1+1+1+1
28,+0+0+0+0-2+2
29,+0+0+0+2+1+0
30,+0+0+0-1+0+1
31,+0+0+1+0+1+2
32,+0+0-1+0+1+0
33,+0+0+0+1+2+0
34,+0+0+0+1-1+0
35,+0+0+0-1+1+0
36,+0+0+0+2+1+1
37,+0+1+0+1+0+1
38,+0+0+2+1+1+1
39,+0+0+1+2+1+1
40,+0+0+0-1+1+1
41,+0+0+0+2+2+2
42,+0+0+2+0+1+1
43,+0+0+0-2+0+1
44,+0+1+0+1+1+1
45,+0+0+0+2+1+2
46,+0+0-1+0+1+1
47,+0+1+1+1+1+1
48,+0+0-2+0+1+0
49,+0+0+2+2+1+2
50,+0+0+0-1+2+2
51,+0+0+0+1-2+0
52,+0+0+0-2+1+0
53,+0+0+2+2+2+1
54,+0+1+2+2+1+1
55,+0+0-1+0+2+2
56,+0+0+0+2+0+2
57,+0+0+2+0+2+2
58,+0+1+0+1+2+2
59,+0+1+0+1+2+1
60,+0+1+2+2+1+0
61,+0+0+2+2+2+2
62,+0+1+1+1+1+0
63,+0+0+0-2+1+1
64,+0+1+2+1+1+0
65,+0+0+0-1+0+2
66,+0+0+0+2+2+0
67,+2+2+1+1+1+1
68,+0+0+0-1+1+2
69,+0+0+0-1+0-1
70,+0+1+1+1+2+2
71,+0+0+0+2+2+1
72,+0+0+2+0+2+1
73,+0+0+0-1+2+1
74,+0+0-2+0+1+1
75,+0+0-1+0+2+0
76,+0+0+2+0+1+2
77,+0+0+2+0+2+0
78,+2+1+1+1+1+1
79,+0+0+0-2+2+2
80,+0+0+0+1-1+1
81,+0+2+0+1+0+1
82,+0+1+1+0+1+1
83,+0+1+1+2+1+1
84,+0+0+2+1+1+2
85,+0+0-1+0+1+2
86,+0+0+0+2-1+0
87,+0+0-1+0+2+1
88,+0+2+0+1+1+1
89,+0+0+1+2+1+2
90,+2+2+2+1+1+1
91,+2+2+2+2+2+1
92,+0+0+0-2+0-1
93,+0+2+0+1+2+2
94,+0+0-2+0+2+2
95,+0+0+0-1-1+0
96,+0+1+1+1+2+1
97,+0+0+0-1+2+0
98,+0+1+2+2+2+2
99,+0+2+0+1+1+0
100,+0+1+2+2+0+1
101,+0+0+0-2+0+2
102,+0+0+2+1+2+1
103,+0+1+2+1+1+1
104,+2+2+2+2+2+2
105,+1+1+1+1+1+1
106,+0+2+0+1+2+1
107,+0+0-2+0-1+0
108,+0-1+0+1+0+1
109,+0+0+0-2+1+2
110,+0+0-1+0-1+0
111,+0+1+1+2+2+2
112,+0+0-2+0+2+0
113,+2+2+2+2+1+1
114,+2+2+1+2+1+1
115,+0+1+2+2+2+1
116,+0+1+1+0+2+1
117,+0+0+0+2-2+0
118,+0+2+1+0+1+0
119,+0+1+2+2+1+2
120,+0+0+0+1-1-1
121,+0+1+1+1+1+2
122,+0+0+0+1+1-1
123,+0+0+1+0+1-1
124,+0+0+0-2+2+1
125,+0+0-2+0+1+2
126,+0+0-2+0+2+1
127,+0+1+1+2+1+2
128,+2+1+2+1+1+1
129,+0+0+0+1-2+1
130,+2+2+2+1+2+1
131,+0-1+0+1+1+1
132,+0-1+1+0+1+0
133,+0+2+2+2+2+2
134,+0+2+2+2+1+0
135,+0+0-1-1+1+0
136,+0+0+0+1-2-2
137,+0+0+0-1-2+0
138,+0+0-1+1+1+1
139,+0+0-1+1+1+0
140,+0+0+0-2+2+0
141,+0+0+0+1-1-2
142,+0+2+1+1+1+0
143,+0+2+0+2+2+2
144,+0+0+0-2+0-2
145,+0+0+0-2-1+0
146,+2+2+1+2+1+2
147,+0+1+2+1+2+2
148,+0+2+0+1+2+0
149,+0+1+2+1+2+1
150,+0+1+2+1+0+1
151,+0+2+2+2+2+1
152,+0+0-2-2+1+0
153,+0+2+0+2+0+1
154,+0+0+0+1-2-1
155,+0-2+0+1+0+1
156,+0-1+1+1+0+1
157,+0-1+0+1+1+0
158,+0-1+0+1-1+0
159,+0+2+0+1+1+2
160,+0-1+0+1+2+2
161,+0-1+1+1+1+1
162,+0+1+1+2+2+1
163,+2+1+2+1+2+1
164,+0+0+1-1+1+1
165,+0+0-1-1+1+1
166,+0+0-1+1+2+2
167,+0+0-2-1+1+0
168,+0+2+1+1+1+1
169,+0+2+1+1+2+1
170,+0+0-1-2+1+0
171,+0+2+1+1+2+2
172,+0+0+0+2-1+1
173,+0+2+0+2+2+1
174,+0-1+1+1+1+0
175,+0+2+1+2+2+2
176,+2+1+1+2+1+1
177,+2+1+1+1+1+2
178,+0+2+1+1+0+1
179,+0+2+2+2+2+0
180,+0+0+0-1+1-1
181,+0-2+1+0+1+0
182,+0+2+1+2+1+0
183,+2+2+2+1+1+2
184,+0+0-1+1+1+2
185,+0+0+0+1+1-2
186,+0+0+0-2-2+0
187,+0-2+0+1+1+1
188,+0-1+1+0+1+1
189,+0+0+0-1-1-1
190,+0+0+1+0+1-2
191,+0+0-2+0-2+0
192,+0+0+2+2+1-1
193,+0+0-1-1+2+2
194,+0+0-2+1+1+0
195,+0+2+0+1+0+2
196,+0+0-2-2+1+1
197,+0+2+2+1+1+0
198,+0-1+0+1+1+2
199,+0+2+2+2+1+1
200,+0+2+0+2+0+2
201,+0-1+1+0+0+1
202,+0+1+1+0+0+1
203,+0-1+2+2+0+1
204,+0-1+2+2+1+0
205,+0-1+2+2-1+0
206,+0-2+0+1+1+0
207,+0+0-2-1+1+1
208,+0+2+1+0+2+2
209,+0+2+2+2+0+1
210,+0+0-1-2+1+1
211,+0+0-2+1+1+1
212,+0+0+0-1-1+1
213,+0+2+0+2+1+1
214,+0-1+1+0+2+2
215,+0+2+1+0+2+1
216,+0-1+1+1+2+2
217,+0+1+0+1-1+1
218,+0-2+0+1+2+2
219,+0+0+0+1-1+2
220,+0+1+2+1+1+2
221,+0-1+2+2+1+1
222,+0+2+2+1+2+0
223,+0+0+0-1-2-2
224,+0-1+0+1+2+1
225,+0-1+0-1+0+1
226,+0+2+2+1+2+1
227,+0+2+1+2+1+1
228,+0+2+1+2+2+1
229,+0+0-1+0-1+1
230,+0-1+2+1-1+0
231,+0-1+1+1-1+0
232,+0+0+0+2+1-1
233,+0+0-2-2+2+2
234,+0+2+1+0+1+1
235,+0+0+2+0+1-1
236,+0+0-1+0-1-1
237,+0+0-1-2+2+2
238,+0-1+1+2+0+1
239,+0+1-1+1+1+1
240,+0+2+1+1+2+0
241,+0-2+1+1+0+1
242,+0-2+1+1+1+1
243,+0+0+1-1+1+2
244,+0+0+0-1-1-2
245,+0+2+1+2+0+1
246,+0+0+0+2-2-2
247,+0+0+0+2-1-1
248,+0+2+1+0+0+1
249,+0-1+0+2+0+1
250,+0+0-1-1+1+2
251,+0+0-2-1+2+2
252,+0-2+1+1+1+0
253,+0+0-1+1+2+1
254,+0+0+2+1+1-1
255,+0+1+1+1+1-1
256,+0+0-1-1+2+1
257,+0-1+0-1+2+2
258,+0+0+0-1-2-1
259,+0-2+0-1+2+2
260,+0+1+2+2+1-1
261,+0+2+2+1+2+2
262,+0+0+0+2-2+1
263,+0+0+0+2-1-2
264,+0+0-2-2-1+0
265,+0-1+2+1+1+0
266,+0-1+2+0+1+0
267,+0+0-1+1+2+0
268,+0-1+1+0+2+0
269,+0-2+1+0+1+1
270,+0+0+1-2+1+1
271,+0+0-2-1-1+0
272,+0-1+0+1+0+2
273,-1+1+1+1+1+1
274,+0+0+0+1+2-1
275,+0+0+0-2+1-1
276,+0+0-1+0+1-1
277,+0-2+0+1-1+0
278,+0+0-2+1+2+2
279,+0+0-1-1+2+0
280,+0+1-1+1+1+0
281,+0-2+1+0-1+0
282,+0+1-1+1+0+1
283,+0-1+1+2+1+0
284,+0+0+2-1+1+0
285,+0-1+1+0+2+1
286,+0+0-2-2+1+2
287,+0+2+2+1+1+1
288,+0-1+2+1+0+1
289,+0-2+2+2-1+0
290,+0-1+0+2+1+0
291,+0-1+0+1-1+1
292,+0-1+1+1+2+1
293,+0-1+2+1+1+1
294,+0-2+0+1+2+1
295,+0-2+2+2+1+0
296,+0-1+0+2-1+0
297,+0+0-2+1+1+2
298,+0-1+0+1+0-1
299,+0+0+0+1-2+2
300,+0-2+1+0+0+1
301,+0-2+0+1-2+0
302,+0+0-1-2+1+2
303,+0-1+1+2+1+1
304,+0-2+0+1+1+2
305,+0-2+0-1+1+1
306,+0-1+1+1+1+2
307,+0-2+2+2+0+1
308,+0+0-2+0-1+1
309,+0+0+0-1+1-2
310,+0-1+0-1+1+1
311,+0-2+0-1+1+0
312,+0-1+1+0+1+2
313,+0+0+2+2+1-2
314,+0+2+2+2+1+2
315,+0+0+0-2-1-1
316,+0+0+0+2+1-2
317,+0-2+0-1+0+1
318,+0+0-2-2+2+1
319,+0-2+1+1-1+0
320,+0+0-1+0-1-2
321,+0+2+2+1+0+1
322,+0+0-2-1+2+1
323,+0-2+1+0+2+2
324,+0+0+0-2-1-2
325,+0-1+0-1+0-1
326,-1+1+2+2+1+1
327,+0+0-1+2+1+0
328,+0-2+1+1+2+2
329,+0+0+0+1+2-2
330,+0+0-1-2+2+1
331,+0+0-2+1-1+0
332,+0+0+0-2-1+1
333,+0-1+2+2+2+2
334,+0+0+0+2-2-1
335,+0+0-2-2+2+0
336,+0-2+1+0+2+0
337,+0-1+0+2+1+1
338,+0-1+0-1+2+1
339,+0+1+0+1-2+1
340,+0+0+0-2+1-2
341,+0+0+2-2+1+0
342,+0-2+2+2-2+0
343,+0-2+2+2+1+1
344,+0+1-1+1+2+2
345,+0+0+0-1-2+1
346,+0+2+1+2+1+2
347,+0+0-1-2+2+0
348,+0+0-2-1+1+2
349,+0-1+0+1+2+0
350,+0+0-2+2+1+0
351,+0+0+0+2-1+2
352,+0+0-2-1+2+0
353,+0-1-1+0+1+1
354,+0+2+1+1+1+2
355,+0+2+2+0+2+2
356,+0+0+0-2-2-2
357,+0+1-1-1+1+1
358,+0+0-2+0-1-1
359,+0+1+1+2+1-1
360,+0+0-2+0-2-2
361,+0-2+2+1+1+0
362,+0+1-2-1+1+0
363,+0+0-2+1+2+0
364,+0-1-1+0+0+1
365,+0-2+0-2+0+1
366,+0+1+2+1+1-1
367,-1+1+1+1+2+2
368,+0+2+0+1-1+1
369,+0-2+1+0+2+1
370,+0+1+0+1-2-1
371,+0-2+0+2+0+1
372,+0-2+2+0+1+0
373,+0+0+1-2+1+2
374,+0-1+0+2+2+2
375,+0-2+0-2+2+2
376,-1+1+1+1+2+1
377,+0-1+2+2+1+2
378,+0-2+0+1+0+2
379,+0-1-1+0+2+2
380,+0+1-2+1+1+1
381,+0-1+0+2+1+2
382,+0-2+1+2+0+1
383,+0-1+1+2+2+2
384,+0+1-1-1+1+0
385,+0+0+2-1+1+1
386,+0+0-2+0-2-1
387,+0+0-2+1+2+1
388,+0+0+2+0+1-2
389,+0-2+1+2+1+0
390,+0+0-2+0-2+1
391,+0+2+2+0+2+1
392,+0-1+1+1+2+0
393,+0-2+0+2+1+0
394,+0-2+2+1+1+1
395,+0-2+1+1+2+1
396,+0-1+2+2+2+1
397,+0+0+2+1+1-2
398,+0-1+1+2+1+2
399,+0+1-2-2+1+1
400,+0+1+2+2+1-2
401,+0+1-1+1+1+2
402,+0-1+1+1-1+1
403,+0+1+1+1-1+1
404,+0-2+0-1+2+1
405,+0-2+0-1+0-1
406,+0-2+0+1+2+0
407,+0+1-2+1+0+1
408,-1+1+1+2+1+1
409,+0+0+0+2-2+2
410,+0+1+1+1+1-2
411,+0-2+0+1+0-1
412,+0-1+2+0+1+1
413,+0-1+2+2-1+1
414,+0-2+1+2+1+1
415,+0-2+2+1-2+0
416,+0+0+0-2-2-1
417,+0+0-1+2+1+1
418,+0+0+2-1+2+2
419,+0-2+2+1+0+1
420,+0-2-1+0+1+0
421,+0+0+0+2+2-1
422,+0-2+2+1-1+0
423,+0+1+0+1-1-1
424,+0-1+0+2+0+2
425,-1+1+2+1+1+1
426,+0+2+0+1+1-1
427,+0+1-1+1+2+1
428,+0-2+1+1-2+0
429,+0+0-1+0+1-2
430,+0+0-2+0-1-2
431,+0-2+1+1+1+2
432,+0+1-2-2+1+0
433,+0+0-2+0+1-1
434,+0-2+1+0+1+2
435,+0-1+2+1+2+1
436,+0-2+0-1+1+2
437,+0+1+1-1+1+1
438,+0-2+0-1-1+0
439,+0+1+1+1-1-1
440,+0-2+0+2+1+1
441,+0+0-1+2+1+2
442,+0+0+2-2+1+1
443,+0-1+2+2-1-1
444,+0+1+0+1-2-2
445,+0-1+2+1+2+2
446,+0+2+2+0+1+1
447,+0+2+1+0+1+2
448,+0+1-2+1+1+0
449,-2+1+1+1+1+1
450,+0+1-1-2+1+1
451,+0+2+2+0+0+1
452,-2+1+2+2+1+1
453,+0+1-1-1+2+2
454,+0-2+1+2-1+0
455,+0+0-2+2+1+1
456,-2-1+1+1+1+1
457,+0+0+0-2-2+1
458,+0-1+1+0+0+2
459,+0-2+0+2-2+0
460,+0+0+0+2+2-2
461,+0-1+2+0+0+1
462,+0-1+2+0+2+0
463,+0-1+1+1+0+2
464,+0-2+2+2+2+2
465,+0-2+0+2+2+2
466,+0+0-1+2+2+2
467,+0-2+0+2-1+0
468,+0+0+0-1+2-1
469,+0-1+0+1-1-1
470,+0+2+0+1-2+1
471,+0+1-1-1+0+1
472,+0+1+1+1-2-2
473,+0-1+0-1+0+2
474,+0-2+0-2+2+1
475,+0+1+1+2-1+1
476,+0+1-2-2+0+1
477,+0+1+2+2-1+1
478,+0-2+2+0-1+0
479,+0-2+1+2+2+2
480,+0-2-1+0+1+1
481,+0+1-2-1+1+1
482,+0+1+1+1-1-2
483,+0-1+2+2+2+0
484,+0+1-2+1+2+2
485,-1+1+2+2+2+1
486,+0-2+1+0+0-1
487,+0-2+0+1+0-2
488,+0-1+2+1+1+2
489,+0-2+1+1+0-1
490,+0-2+1+2+1+2
491,+0+0-2+2+2+2
492,+0-2+0-1+2+0
493,+0-2+0+2+0+2
494,+0-2-1+0-1+0
495,+0-1+0+2+0-1
496,-2+1+1+1+2+2
497,+0-2+1+1+2+0
498,+0-1+1+1-1-1
499,+0+1+1-1+2+2
500,+0-2+2+2+1+2
501,+0+0-1+0-1+2
502,+0+0+2+0+2-1
503,+0+0-2+2+1+2
504,+0+1+1+1-2-1
505,+0+0+0-1-1+2
506,-1+1+1+2+2+2
507,+0+1-1+2+1+0
508,+0-1+1+2+2+1
509,+0-2+0-2+1+1
510,+0-1-1+0+1+2
511,+0-1+0+1-2+1
512,-1+1+2+2+2+2
513,+0+0+2-1+1+2
514,+0-1+0+1-1-2
515,+0+1-1-2+0+1
516,+0-2-1+0+0+1
517,-1-1+1+1+1+1
518,+0+1+0+1-1+2
519,+0+0+2-2+2+2
520,+0+1-2-2+2+2
521,+0-1-1+0+2+1
522,+0-2+2+1+2+2
523,+0-2+0+2+1+2
524,+0-2+2+2+0-1
525,+0-2+0-1-2+0
526,+0+1+2+2-1-1
527,+0-1+1+2+0+2
528,+0-1+0+1-2-2
529,+0-1+0+1-2-1
530,+0+2-1+1+1+1
531,+0-2+2+2+2+1
532,-1+1+1+2+1+2
533,+0+1+1+2+1-2
534,+0-1-1-1+1+0
535,+0-1+1+2+2+0
536,-2-2+1+1+1+1
537,+0+1+1+1-2+1
538,+0-2+2+0+0+1
539,+0-1+2+0+2+2
540,+0-2+0-2+0-1
541,+0-2+0+1-1+1
542,+0+2+0+1-2-2
543,+0-2+2+0+1+1
544,-1+1+2+1+2+1
545,+0+0+2-1+2+1
546,+0+0-1+1-1+1
547,-1+1+1+1+1+2
548,+0+0-2-1-1-1
549,+0-1+1+2-1+1
550,+0+0+2+0+2-2
551,+0-2-1+0+2+2
552,+0+2-1+1+1+0
553,+0+1+2+2-2-1
554,+0-1+1+0-1-1
555,+0+1+2+2-2-2
556,+0-2+2+1+2+1
557,+0-2+0+1-2+1
558,+0-1+2+2+0+2
559,+0-1+1-1+1+1
560,+0-1+2+1+2+0
561,+0-1+0+1+1-1
562,+0-1+0+2+2+0
563,+0-2+2+0+2+0
564,+0-2+2+2-2-1
565,+0+0-1+2+2+0
566,+0-1+1+0-1+1
567,+0+1+1+0-1+1
568,-1+1+2+2+1+2
569,-2-2+2+2+1+1
570,+0+1+1+2-2+1
571,+0+1-2-1+0+1
572,+0-1+2+2-1-2
573,+0+1+1-1+2+1
574,-1-1+2+2+1+1
575,+0+0-2+1-1+1
576,+0-1-1+1+0+1
577,+0+2+0+1+1-2
578,+0-2+2+2+2+0
579,+0+1-2+2+1+0
580,+0+2+0+1-1-2
581,-1-1+2+1+1+1
582,+0+1-1-1+2+1
583,+0+1+1+1+2-1
584,+0+0+2-2+1+2
585,+0-1-1-1+2+2
586,-1+2+1+1+1+1
587,+0+0+0-2+2-1
588,+0-2+1+2+2+1
589,+0+1-2-2+2+1
590,+0-1+0+2-1+1
591,+0+0+0-1+2-2
592,+0-1+0+2+2+1
593,+0+0-2+0-1+2
594,+0+2+2+1+1+2
595,+0-1+2+0+1+2
596,-1+2+1+1+2+1
597,+0-1-2-2+2+2
598,-1+1-1+1+2+2
599,+0-1-1-1+0+1
600,+0+0-2-2-1+1
601,+0-1-2-2+1+0
602,+0+0-1+0+2-1
603,+0+2-1+1+0+1
604,+0+1-2+1+1+2
605,+0+1-2-2+1+2
606,+0+2+0+1-1-1
607,+0-2+0+1-2-2
608,+0-1+1+1-2+1
609,+0+1-1-2+2+2
610,+0+0-2+2-1+0
611,+0-2+0-2+0+2
612,+0-1-2-1+1+0
613,+0-1+1-1+2+2
614,+0-1+1-1+1+0
615,+0+1+2+2+2-1
616,+0-1+2+0+2+1
617,-2+1+1+1+2+1
618,+0+1-1+2+0+1
619,+0-2+0-2+0-2
620,+0+1+1+2-1-1
621,+0-2+2+2-1+1
622,+0+1+1+2-2-2
623,+0-2+0-1+0-2
624,-2-1+2+2+1+1
625,+2+1+1+2+2+1
626,+0-2+0+1-1-1
627,+0+1-2-1+2+1
628,+0+0-2-2-1-1
629,+0+1+0+1-2+2
630,+0+1-1+2+1+1
631,+0-1+1+2-1-1
632,+0+0+0-2-1+2
633,-2-2+2+1+1+1
634,+0+2+1-1+1+0
635,+0+2+0+2-1+1
636,+0-2+2+2-2-2
637,+0+2+2+2+1-1
638,+0+1-1-1+1+2
639,+0-2+1+0+0+2
640,+0+0-1-1-1-1
641,-1+1+1+2+2+1
642,-1+1+2+1+2+2
643,+0-1-1-1+1+1
644,+0-1-1-2+1+1
645,+0-2+2+2-2+1
646,-2+1+2+1+1+1
647,+0-1-1+1-1+0
648,+0+2+0+1-2-1
649,+0-2+1+1+0+2
650,+0+1+2+1-1+1
651,+0-1-1+0+0+2
652,+0+0-2+0+1-2
653,+0-1-1-2+2+2
654,+0-2+0+1-2-1
655,+0+2-1+1+2+1
656,+0-1+1+0-2-1
657,+0+1-1+2+1+2
658,+0+1-2+1+2+1
659,+0+0-1-1-1+1
660,+0+0-1-1+1-1
661,+0-2+0-1+0+2
662,+0+1+2+2-2+1
663,+0+0-2+2+2+0
664,+0-2-2+0+1+1
665,+0+1+2+1+1-2
666,+0+2-1+1+2+2
667,+0-1-2-2+1+1
668,+0-2+2+0+2+2
669,-1-1+1+2+1+1
670,+0-1+1-1+0+1
671,+0+0-1-2-1-1
672,+0-2-1+0+2+0
673,+0-2+1+1-1+1
674,-2+1+1+2+1+1
675,+0+0+0-1-2+2
676,+0-2-1+0+2+1
677,+0-2+1+2+2+0
678,+0-1-2-1-1+0
679,+0+1+1-2+1+1
680,-2+1+2+2+2+2
681,-2-1+1+1+2+2
682,-1+2+2+2+2+1
683,+0+0-1-2-1+1
684,+0+1-2+2+1+1
685,+0-2+2+2+0+2
686,+0-2-2-2+1+0
687,+0+1+1+0-2+1
688,+0+1-2-1+2+2
689,-2-2-2-2+2+2
690,+0-1+2+2-2-1
691,+0-1-2-2+0+1
692,-2+2+1+1+2+1
693,+0-2+0+2+2+0
694,+0-2+1+1-1-1
695,-2+1+1+2+2+2
696,+0+0+0-2+2-2
697,+0+2+0+1+2-1
698,+0+1+1-1+1+2
699,-2+1+2+2+2+1
700,+0-1+0-1-1+1
701,+0+2+2+2+2-1
702,+0+1+1+2-2-1
703,+0-1+1-2+1+1
704,+0-2-1-1+2+2
705,+0+1+2+1-1-1
706,+0-2+2+0+2+1
707,+0+2-1-1+1+0
708,+0-2-1-1+1+1
709,+0-1+1-2+2+2
710,+0-2+1+2+0+2
711,+0+0-1-2+1-1
712,+0+2+1+1+1-1
713,+0-2+1+2+0-1
714,+0-1+1+1-2-2
715,+0-2+0+1+1-1
716,+0-2+1-1+2+2
717,+0+0-1+1+1-1
718,-1+2+2+2+2+2
719,+0-1+1+2-1-2
720,+0+1-2+2+0+1
721,+0-1-1+0-1+1
722,-2-2-1-2+2+2
723,+0+1+2+2-1-2
724,+0-1+1+1-1-2
725,+0+0-2+0-2+2
726,+0+0-2-2+1-1
727,-1+2+1+1+2+2
728,+0-1+1+1+1-1
729,+0-1-1+1+1+1
730,+0-2+2+1+2+0
731,+0-1-1-2+0+1
732,+0+2+1+0+1-1
733,-2+1+2+2+1+2
734,+0+0-1+0+2-2
735,+0-2-2+0+0+1
736,+0+1-1-2+1+2
737,+0-1+2+1-1-1
738,+0+1+1+2-1-2
739,+0-2+0+2+2+1
740,+0-2+2+2-1-1
741,+0+1-1+2+2+2
742,+0+1-1+1-1+1
743,+0-1+1+1-2-1
744,-2-1+1+1+2+1
745,+0+2+1+1-1+1
746,-2+1+2+1+2+1
747,+0-1+1+0+1-1
748,+0-1+0+1-1+2
749,+0-1+2+2-2-2
750,+0+0-2-2-2-1
751,+0-2+0+2+0-1
752,+0+1+1-2+2+2
753,+0-1+0-1-1-1
754,+0-1+0+2-1-1
755,+0+0-2+2+2+1
756,+0-2+2+1+0-1
757,+0-2-1-2+2+2
758,+0+2+2+0+1+2
759,+0-2-1-2+0+1
760,+0-1-2-1+2+2
761,+0+1-1-2+2+1
762,+0-2+1-1+1+1
763,-2-1+2+1+1+1
764,+0-1+0-1-2-1
765,+0-2+1-1+0+1
766,+0+1+2+1+2-1
767,-2+1+1+2+1+2
768,+0-1+1-2+1+0
769,+0-2+1-2+2+2
770,+0-2+0-1+1-1
771,+0-1+1-1+1+2
772,-1+2+1+2+2+1
773,+0-1-1-1+2+1
774,-2+1+1+1+1+2
775,+0-1-2+1+0+1
776,+0-1+2+1-1+1
777,+0+2+1+1+2-1
778,+0+1+1+2+2-2
779,+0-2+1+1-2-1
780,+0+1+1+1+2-2
781,+0-2+2+1+1+2
782,-1+2+1+2+2+2
783,+0-1-2-2-1+0
784,+0+1+2+1-2-2
785,+0-2+1+0-2-2
786,-2-1+2+2+2+2
787,+0+2-1+1+2+0
788,+0+2+0+1-1+2
789,+0-1-1-2+1+0
790,+0+1+2+2+2-2
791,+0+0-1+2+2+1
792,+0-2+2+0+1+2
793,+0+1+1-2+2+1
794,+0-2-2-2+2+2
795,+0+0+2-2+2+1
796,-1-1-1-1+2+2
797,+0+1+1-1+1-1
798,+0-2+1-1+1+0
799,+0-2-2+0+2+2
800,+0-1-1+1+2+2
801,+0+2-2-2+1+0
802,+0-1+1+0-2-2
803,+0+2-2+1+1+1
804,+0+0+1-1+1-1
805,-1+1-1+1+1+1
806,-2-2+2+2+2+1
807,-2-1+1+1+1+2
808,+0+0+1-2+1-1
809,+0-2+1+1-2+1
810,+0+2+0+1-2+2
811,+0-2+1+0-1-1
812,+0-1+1+0-1-2
813,+0-1+2+1+0+2
814,+0+2+0+2-1+2
815,+0-2-1+1+0+1
816,-1+1-1+1+2+1
817,-2+1+2+1+2+2
818,+0-1+2+0+0+2
819,-2-1+2+2-1-1
820,+0+0-2-2-1-2
821,-2-2-2-1+2+2
822,+0-1-2-1+0+1
823,+0-1+1+2-2-2
824,+0+2+1+1-2-2
825,-2+1-1+1+2+2
826,+0-1+2+2-2+1
827,+0+2-1-2+1+0
828,-2-1+2+1+2+2
829,-2+1+2+2+1-1
830,+0+0-2+0+2-1
831,+0+1+2+1-2+1
832,+0-2+1-1+2+1
833,+0-1-1+0-1-1
834,+0-1-2-1+1+1
835,+0-2-1-1+0+1
836,+0+1-1-1+1-1
837,+0+0-2-2-2+1
838,+0+2+1+2-1+1
839,-1+1+2+2+1-1
840,+0+1-2+2+1+2
841,+0+1+1+2+2-1
842,+0-2-2-2+0+1
843,+0+1-2+2+2+2
844,-2-1+1+2+1+2
845,+0+1+2+1-2-1
846,+0+2+1-2+1+0
847,-2+2+1+1+1+1
848,+0+0-2+1-1-1
849,+0-2+0+2-1+1
850,-2+1-1+1+1+1
851,-2-1+1+2+2+2
852,+0-2+1+0-1+1
853,+0-1+1-1+2+1
854,-2+2+1+2+2+2
855,-1-1+2+2+2+1
856,-1+1+1+1+1-1
857,-1+1+2+1+1-1
858,+0-1+1-2+0+1
859,+0-2+0-2-1+1
860,+0+0-2-1-1-2
861,+0-2+1+2-1+1
862,+0+2+1-1+2+1
863,+0+2+2+1+1-1
864,-2-2+2+2+1+2
865,+0-2-2+0+2+1
866,+0+1-2-1+1+2
867,-1-1+2+2+2+2
868,+0+2-2-1+1+0
869,+0+1+2+1-1-2
870,+0-1-1-2+1+2
871,-1-1+2+2+1+2
872,+0-2+1+1-2-2
873,+0+2-1+1+1+2
874,-2-2+1+2+1+1
875,+0-2+1+2-2+1
876,+0+2+2+2+2-2
877,-1+2+2+1+2+1
878,+0-2-1-1-1+0
879,+0-2-1-1+1+0
880,+0-2-1-2+1+1
881,+0+0-2-1-1+1
882,+0-2+2+1-2-2
883,+0-1-1-1+1+2
884,+0-2+0+2+0-2
885,+0-2+0-1-2-1
886,+0+1-2-2+1-1
887,+0-1-1+1+1+2
888,-1-1-1+1+2+2
889,+0+2+0+1+2-2
890,+0-2+2+1+0+2
891,+0+2+2+2-1+1
892,+0-1+2+2+1-1
893,+0-1+0+2-1-2
894,+0+2+0+2-2+1
895,+0-2-1+0+1+2
896,+0-2+0+2-2-2
897,+0+2+1+2+1-1
898,+0+2-2+1+2+2
899,+0-2+2+1-2-1
900,+0+2-2-2+1+1
901,-2+1+2+2+1-2
902,+0+2+1+1-1-2
903,+0+1+2-2+1+1
904,+0+2+1-1+1+1
905,+0-1+2+1-1-2
906,+0-2+0-1-2+1
907,+0-2+0+2-2+1
908,+0-1+1+0+1-2
909,+0-2+0-1-1+1
910,+0+1-2-1-1-1
911,+0-2+0+2-2-1
912,+0-2+0+1-1-2
913,+0+1-1-1-1-1
914,+0-2+0-1-1-1
915,+0+2+0+2-2-1
916,+0-2+2+1-1-1
917,+0-1+0+2-2-2
918,+0-1+0+2-2+1
919,+0-1+0-1-2-2
920,+0+0-2-1+1-1
921,+0+2-1-2+2+1
922,-2-1-1-1+2+2
923,+0+0-1+1+1-2
924,+0-1+1+2-2+1
925,+0-1+1+2-2-1
926,-2-1+1+2+1+1
927,+0-1-1-2+2+1
928,+0+1+2-1+1+1
929,-2+2+1+1+2+2
930,+0+0-1-2-1-2
931,-2-2+2+2+2+2
932,+0+2+0+2-2+2
933,-2+2+2+2+2+2
934,-2-2-1-1+2+2
935,+0-1-1+1+1+0
936,-2+2+2+2+2+1
937,+0+2+1+0+1-2
938,+0+2-1-1+1+1
939,+0-1-1+0+0-1
940,+0-1-1-1-1+0
941,+0-2+1+1-1-2
942,-1+1+2+1+1+2
943,+0-2-2-2+1+1
944,+0-2-1-2+2+1
945,+0-2-1-2+1+0
946,+0-2+1+2-2-1
947,-1+2+2+2+1+1
948,+0-2+2+0+0-1
949,+0+0-1-1+1-2
950,+0+0-1+2-1+1
951,+0-2+1+0-2-1
952,+0+0-1-2+1-2
953,+0-1+2+1-2-2
954,+0+2+1+1+1-2
955,+0+1+1-2+1+2
956,-2-1+2+2-1-2
957,-2+2+1+2+1+1
958,+0-1+1-2+1+2
959,+0+2+2+2+1-2
960,-2-2-2-2+2+1
961,+0+2+1+2-2-2
962,-2+1+2+1+1-1
963,+0+2+1+0-2-2
964,+0+2+1-1+2+2
965,+0-2+2+2-1-2
966,+0+2-1+2+2+2
967,+0+0-2+1-2+1
968,+0-1+0+2+1-1
969,+0-1+1+1-1+2
970,+0+0-2-2+1-2
971,+0-1+0+2+1-2
972,+0+2-2-2+2+1
973,+0+0+0-2-2+2
974,+0-2+1-2+0+1
975,+0-2-2-1+1+0
976,+0-2+1-1-1+0
977,+0+1+1+2-1+2
978,+0-1-1+0-2-1
979,+0+2-2+1+1+0
980,+0-2+1+0-2+1
981,-2-1+2+2+2+1
982,+0-1+1-2+2+1
983,+0+1-2-2-2-2
984,-2-1-2-1+2+2
985,+0-2-1-2-1+0
986,+0-1-2-1+1+2
987,+0-1+1+0-2+1
988,+0-2-1+1+1+0
989,+0-1-2-2+2+1
990,+0-2-2-2+2+1
991,+0+2-1+2+1+1
992,-1+2+2+1+2+2
993,-2+1+1+1+1-1
994,+0-2-1-1+1+2
995,+0+2-1+2+2+0
996,+0+2-2-2+2+2
997,+0+1-1+1-2+1
998,-2-1+2+2+1+2
999,+0+2-2-2+0+1
1000,+0+2+1+0+2-1
1001,+0+1+1+2-2+2
1002,+0+2+1+1-1-1
1003,-1+2+2+1+1+1
1004,+0+1+2-1+1+2
1005,+0-2+0-2-2-1
1006,+0-1-1+1-1+1
1007,-2-2-2-2+1+1
1008,+0+0-2+0+2-2
1009,+0+2-2-1+2+1
1010,+0-2-1+0+0-1
1011,+0+2+1+2+2-1
1012,+0+2-1+2+1+0
1013,+0-1+2+0-1-1
1014,+0+1-1+1-1-1
1015,+0+1-1-1-2-2
1016,-2-1+2+1-1-2
1017,+0+1-1+1+1-1
1018,+0-2+0-1-2-2
1019,+0+1-2-1-2-1
1020,+0+2-1-1+2+1
1021,+0-1-2+1+1+1
1022,-2+2+2+2+1+1
1023,+0-1-2+1-1+0
1024,+0-1-2-1+2+1
1025,+0+1+2-2+1+2
1026,+0-2-2-1+1+1
1027,+0-2-1-2+1+2
1028,+0-2-1-1+2+1
1029,+0+2-1-1+2+2
1030,-2+1-2+1+2+2
1031,+0-2-2-2+1+2
1032,+0-2-2+0+1+2
1033,+0+2-2+1+2+1
1034,+0-2+0+1+1-2
1035,+0-2+2+1-1+1
1036,-2-1+2+1-1-1
1037,-1-1-1+1+1+1
1038,+0+1+1+1-1+2
1039,-2-2+2+1+1+2
1040,+0-2+1-1+0-1
1041,+0-1+2+2-1+2
1042,+0+2-1+1+0+2
1043,+0-1+1-1+2+0
1044,+0-1+1+2-1+2
1045,+0+0-2+1-1-2
1046,+0-2+1+0-1-2
1047,+0-1+2-1+1+0
1048,-1-1-1-1+2+1
1049,+0+0-1-2-1+2
1050,+0-2+1-1+1+2
1051,+0-1+1+2+1-1
1052,+0+2+0+2-2-2
1053,+0-2+1+2-2-2
1054,-2+1+2+1+1-2
1055,+0-2+1-2+1+0
1056,-2-1+1+1-1-1
1057,+0-2-1+1+2+2
1058,+0-1+2-1+1+1
1059,+0+0+2-1+1-1
1060,-2-2+1-1+1+1
1061,+0+2+1-1+0+1
1062,-2+1+1+2+2+1
1063,+0+1-2-2-1-1
1064,+0+0-2+1+1-1
1065,+0+2+2+2-1-1
1066,+0-2-2-1+2+2
1067,+0-2+1+0+1-1
1068,+0-2+1-2+1+2
1069,+0+1-1-1-2-1
1070,+0+1-1-1-1+1
1071,+0+2+1+0+2-2
1072,+0+2+1+0-1+1
1073,+0+0-2-1-2-1
1074,-2-2+2+1+2+1
1075,+0-1+0-1-2+1
1076,+0+2+1+0-1-1
1077,+0+1+2+2-1+2
1078,+0-1-2-2+1+2
1079,-1+2-1+1+2+2
1080,+0-2+1-2+1+1
1081,-2-1+2+1+2+1
1082,+0+1+2-1+0+1
1083,+0+2+2+2-2+1
1084,-2+2+2+1+2+2
1085,-2+1+1+2+1-1
1086,+0-1+1-2+2+0
1087,-1+2-1+1+1+1
1088,+0+1-2-2-2+1
1089,+0+2+2+2-2-2
1090,+0-1+2+1-2+1
1091,+0+0-2-2-2-2
1092,+0-1-2-2-1+1
1093,+0-1+2+1+1-1
1094,+0+2-2+2+2+2
1095,+0+2-2+1+0+1
1096,+0+2+2-1+1+0
1097,+0-1-1+1+0+2
1098,+0-2-2-2-1+0
1099,+0-2+1+1+1-1
1100,+0+2-1+2+2+1
1101,+0+1+2-2+0+1
1102,+0-1+1+1+1-2
1103,-1-1-1-1+1+1
1104,+0+2+1+0-2-1
1105,+0-2+2+0+0+2
1106,+0+2-1+2+0+2
1107,-1-1+2+1+1+2
1108,-1+2+1+2+1+1
1109,+0-1+0+2-2-1
1110,+0+1+1-2+1-1
1111,+0-2+2+1-2+1
1112,+0-2-2-1+0+1
1113,+0-1+0+2-1+2
1114,+0-1-1+0-2+1
1115,+0-1-2-2+2+0
1116,+0+2-2-1+0+1
1117,+0-1-1-1-1+1
1118,+0-2-2+1+1+0
1119,+0+2-1+2+0+1
1120,+0+1+2+2-2+2
1121,+0+2-1-2+2+2
1122,+0-1+0+1+1-2
1123,+0+2+2+1+1-2
1124,+0+2+1+1-2+1
1125,+0+0-2+2-1+1
1126,+0-2-2-1+2+1
1127,+0-2-1+1+1+1
1128,+0+1+2-1+2+2
1129,+0-1-2-2+0+2
1130,+0-2+0+2-1-1
1131,-2-2-2+1+2+2
1132,+0+2+2+1+2-1
1133,+0+1-1-2-2-2
1134,+0+2-1-1+0+1
1135,-2-2-1-1+1+2
1136,+0-2+1-1+2+0
1137,+0-2-2+0-1+1
1138,+0+2+1+2+1-2
1139,+0+2+1+1-2-1
1140,+0-2+2+2+1-1
1141,-2+1+2+1+1+2
1142,+0-2-2-1+1+2
1143,-2-1+1+1-1-2
1144,+0+1+1-1+2-1
1145,-2+2+2+1+1+1
1146,+0-1+1+2+1-2
1147,+0+2+1+2+2-2
1148,-2-1+1-2+2+2
1149,+0+2-1+1-1+1
1150,+0+2+1-1+1-1
1151,+0+2+2+1+2-2
1152,-2+2+2+1+2+1
1153,+0+2+2+0+0+2
1154,+0+2+2+1-1+1
1155,-2-2+1+2+1+2
1156,+0-1-2-2+0-1
1157,-2-1+1+1-1+1
1158,+0-2-2-2+2+0
1159,+0+1-2+2+2+1
1160,+0-2-2+0-2+1
1161,+0+1-2+1-2+1
1162,+0+1-1-2-1-2
1163,+0+1-1-2-1-1
1164,+0-2-1+1-1+0
1165,+0-1-1-1+2+0
1166,+0+1-1+1-2-2
1167,+0+0-2+2-1+2
1168,+0+1+2-1+1-1
1169,+0+1+2+1+2-2
1170,+0-1+2+0-1+1
1171,-2-2-2-1+2+1
1172,+0-1+2-1+2+2
1173,-2-1-2+1+2+2
1174,-2-2-2-1+1+1
1175,-2-2-1-2+2+1
1176,-2-2-1-2+1+1
1177,-2-2-1-1+1+1
1178,-2-2-1+1+1+1
1179,+0-1+2+1-2-1
1180,-2-2+1-1+1+2
1181,+0-2-2-1-2+0
1182,+0+0-2-1-2+1
1183,+0-1-2-1-2-1
1184,+0+2-2-1+2+0
1185,+0+1-2-1+1-1
1186,+0+1-2-2-1+1
1187,+0+1-2-2+1-2
1188,+0-2-1+0+0+2
1189,+0-2-1-1+0-1
1190,+0-2-2+1+1+1
1191,+0-2-2+1-2+0
1192,+0-2-1+1-2+0
1193,-1-1+1+2+1+2
1194,+0+0-1+1+2-1
1195,+0+0+2-2+1-1
1196,+0+1+1+1-2+2
1197,-2-1+1+2-1+1
1198,+0+1+1-2+1-2
1199,+0-2+1-2+2+1
1200,-2-1+2+2-1+1
1201,-2-1+2+2+1-2
1202,+0+1+1-1+1-2
1203,+0+2+1+2-1-1
1204,-2-2-2-1+1+2
1205,+0-2+2-2-1+0
1206,+0-2-1-1-1-1
1207,+0+1-2-2-2-1
1208,-2-2-1+1+2+2
1209,+0+2+1+1+2-2
1210,-2-1-2-1+2+1
1211,+0-2+1-1+1-1
1212,-2-2+2+2+1-2
1213,+0+2+2+2-2-1
1214,+0+0-1-2+2-2
1215,+0+0-2-2-2+2
1216,-1-1+2+1+2+1
1217,+0+1+2-1+2+1
1218,+0-2+0-2-1-1
1219,+0-2+0+2+1-2
1220,+0+2+1+2-1+2
1221,+0-2-2-1-1+0
1222,+0-2-2+1+0+1
1223,+0+1-2+1-1+1
1224,+0+2+1-2+2+2
1225,+0+1-2+1+1-1
1226,+0-2+0+1-1+2
1227,-1+2+1+2+1+2
1228,-2-1-1-1+1+1
1229,+0-2-1+0-2+1
1230,+0-2+2-1+2+2
1231,+0+1-1-2-1+1
1232,+0+1-1-1+1-2
1233,+0+1-2-1-2-2
1234,+0-2+0+2-1-2
1235,-2-1+2+1+1+2
1236,+0+0-2+2-1-2
1237,+0-2-1+0-1-1
1238,+0+2+1+0-2+1
1239,+0+1-1+1-2-1
1240,+0+1-1+1-1-2
1241,+0-2+0-1+1-2
1242,+0+1-2-1-2+1
1243,+0-2+0-1-1-2
1244,+0+1+2-2+1-1
1245,+0+2+1+2-1-2
1246,+0-2+0+2+1-1
1247,+0-2+2+2-1+2
1248,+0-1-2-2-2+1
1249,+0-1-2+1-1+1
1250,+0-1+2+2+1-2
1251,-2+2-1+1+1+1
1252,+0-1-1+1+2+1
1253,+0+2-1-2+1+1
1254,+0+2-2+1+0+2
1255,+0-1+1-1+0+2
1256,+0+2+0+2-1-1
1257,+0-1-1-2+0+2
1258,+0-1-1-2-2-2
1259,+0-1+2-2+1+0
1260,+0-1-1-2+2+0
1261,+0+2-2+2+2+0
1262,-2+1+1-1+2+2
1263,-2+2+1+2+1+2
1264,+0-1+2+0+1-1
1265,+0-1+1+1-2+2
1266,+0+2-2+2+0+1
1267,-1+1+2+2-1+1
1268,-2+2+1+2+2+1
1269,+0+2-2-1+1+1
1270,+0-1+2+0-1-2
1271,+0-1-2-1+2+0
1272,-2-2-2-1-1-1
1273,+0+2-2-1+0+2
1274,+0-1+2-1+1+2
1275,+0+2+1+2-2+2
1276,+0-2-2-2-2+0
1277,+0-2+2+1-1-2
1278,-2+1-1+1+2+1
1279,+0+1+2-2+2+1
1280,-2-2-1-2+1+2
1281,+0+2+1-2+0+1
1282,-2-1+1-1+2+1
1283,+0-1+1-1-1-1
1284,-2-1+1-2+2+1
1285,+0-2+1+2-1-2
1286,+0-1+2-1+0+2
1287,+0+2-2+1+1+2
1288,+0+2-2+2+2+1
1289,+0-1-2-1-1-1
1290,+0-2-1+0-2-1
1291,+0-1-2+1+0-1
1292,+0+0+1-2+1-2
1293,+0-2-2+1-1+0
1294,+0-1+1+1+2-2
1295,-2-1-1-2+2+1
1296,+0-1-2-2-2-1
1297,+0+2-2+2+1+0
1298,+0-2-2-1+0-1
1299,+0+2-2+2+1+2
1300,+0+2+2-1+2+2
1301,+0+2-2+2+1+1
1302,+0-1-2+1+1+2
1303,-1+2+2+2+2-1
1304,+0+2-2+1+2+0
1305,+0-1+2-1+0+1
1306,-2+1-1+1+1+2
1307,+0+2+1+0-1-2
1308,+0-1-1+0+1-1
1309,+0+2+1+0-2+2
1310,+0-2+0-1+2-1
1311,+0-2+1+0+1-2
1312,+0+2+2+1-2-2
1313,+0-2+1-2-1+0
1314,+0+1-1-2+1-1
1315,-2+1-1+2+1+2
1316,+0-1+1-2+0+2
1317,+0-1-1-1-2+1
1318,+0-1+1+0+2-1
1319,-2-1+1+2+2+1
1320,-2-2+2+1+1-1
1321,+0+1-1+2+1-1
1322,-2-2+1-2+1+1
1323,+0-2+1+2+1-1
1324,+0-1+1+0-1+2
1325,+0+2+2-2+1+0
1326,+0-1+1+0-2+2
1327,+0-2+1+2-1-1
1328,-2-1+1+2-1-1
1329,+0+0-2-2+2-1
1330,+0+2-2-2+2+0
1331,+0-1-1+2-1+0
1332,+0-1-1-2-1+1
1333,+0+0-2-1+1-2
1334,+0+0-2-1-2+2
1335,-2+1+2+1+2-1
1336,+0-2+1+2+1-2
1337,-1+2+2+1+2-1
1338,+0+1+1-1-1+1
1339,-2-1-2+1+1+1
1340,+0-2+0+2-2+2
1341,+0+1+2-2+2+2
1342,-2+1-1+1-2+1
1343,+0-1+2-2+0+1
1344,+0-1-2+1+2+2
1345,+0+0+2-2+1-2
1346,-2-1-1-2+2+2
1347,+0+0+2-1+1-2
1348,+0-1+2-2+2+2
1349,+0-2-2+0+0-1
1350,+0-2+1-1-1-1
1351,+0-2+1+1+1-2
1352,-2-1-1+1+1+1
1353,-1-1+2+2+1-1
1354,-1-1-1+1+1+2
1355,+0+2-1-1+2+0
1356,+0-1+1-1-2-1
1357,-1+2+1+1+1+2
1358,+0-1-2+1+1+0
1359,+0+0-2+2-2+1
1360,+0-1-2+2-1+0
1361,-1+1+1-1+1+1
1362,+0-1-2+2+0+1
1363,+0-2+2+1+1-1
1364,+0+2-2-1+2+2
1365,+0+1-2-1-1-2
1366,+0+1-2-1-1+1
1367,+0-1+2+1+1-2
1368,+0-2-1+0-1+1
1369,-1-1+1-1+1+1
1370,+0-1+1-1+1-1
1371,+0+1+1-1-1-2
1372,-2-1+1+1+2-2
1373,+0-1-2-1-1+1
1374,-2-2-1-1+2+1
1375,-2+2+1+2+1-1
1376,+0+1+1-1-2-1
1377,+0-2-1+0-2-2
1378,-1+2-1+1+2+1
1379,+0+1-1+2+2+1
1380,+0+2+2-2+2+1
1381,+0+0-2+1-1+2
1382,-2+2+2+2+2-1
1383,+0-1+0+1+2-1
1384,+0-2-2-1-2-1
1385,+0+2-2-2-1-2
1386,-2+1+1+1-1-1
1387,+0-1+0+1-2+2
1388,+0-2-1-2+0-1
1389,+0-2-2-1-2-2
1390,+0-1-1+0-1+2
1391,-1+2+2+1+1-1
1392,+0-2-2-1+0+2
1393,+0+2+1-2+2+1
1394,+0-1-1+2+1+0
1395,+0-1+0+2-2+2
1396,+0+2+1+2-2-1
1397,-1+2+2+2+1-1
1398,+0+2-1-2+0+1
1399,+0-2+0+1-2+2
1400,+0-2-2-2-2-2
1401,-2+1-2+1+1+1
1402,+0-2+2-1+1+1
1403,-2+2-2+1+1+1
1404,+0+2-2-1-2-2
1405,+0+2-1-1-2-1
1406,+0+0-2-1+2-1
1407,-2+1-1-1+2+2
1408,+0+1-1-1-1-2
1409,+0-2+0-2-2-2
1410,+0-1-1+1+2+0
1411,+0-1-1+1-2+1
1412,+0-1+0+1+2-2
1413,-2-1+1-1+2+2
1414,+0+2-2+1-2+1
1415,-2+1+1-1+1+1
1416,-2-2+2+2+1-1
1417,+0-2+0-2-2+1
1418,+0+2+1+2-2+1
1419,+0-1-1-1-1-1
1420,+0-2-2+0+0+2
1421,+0+1-1+1+1-2
1422,-2+1-1-1+1-1
1423,-1-1+2+1+1-1
1424,+0-2-2-2+0-1
1425,-2+1-1+2+1+1
1426,+0+1+1-2-1+1
1427,-2+1-1-1+1+1
1428,+0-2-2+1+2+2
1429,+0+0-2-1-1+2
1430,-2-1-1+1+1+2
1431,+0-2+0+1+2-1
1432,-2-1-1-1+1+2
1433,+0+2-2-2-2-2
1434,+0+2-2-1-1-2
1435,+0-1-1-2-1-1
1436,+0-2-2-1-1-1
1437,+0-1-1-1+1-1
1438,+0+1-1+2+1-2
1439,+0-1-1+2+0+1
1440,+0+1-2+2-2-1
1441,+0-1-1-1+0+2
1442,+0+1+2+1-1+2
1443,-2-1-1+1+2+2
1444,+0-1-1-1-2-1
1445,+0-1-2+1-1-1
1446,+0+1-1+1-1+2
1447,+0-1-2+1+0+2
1448,+0-2+0-2-1+2
1449,+0+1-2+1-2-1
1450,+0+2-2-2+0+2
1451,+0+0-2-2+2-2
1452,+0-2+2-1+0-1
1453,-2+2-1+2+2+2
1454,-2+2+2+2+1+2
1455,-1+2+1+1+2-1
1456,+0-1+2-1+2+1
1457,+0-2+1-2+2+0
1458,-2+1+1+1+1-2
1459,+0-2+2-1+0+2
1460,+0-2+2-2+1+1
1461,+0+0-2+1+2-1
1462,-2-1+2+1+1-2
1463,+0-2+2-2+2+0
1464,+0-2+2-2+0+1
1465,+0-2+2-2+0+2
1466,+0-1+2-2+1+1
1467,+0+2+1+1-1+2
1468,+0-2+2+0-1+1
1469,+0+2-1-2+1-1
1470,+0-2+2+2-2+2
1471,+0-1+0+2+2-2
1472,-2-2-1+1+2+1
1473,-2+2-1+1+2+2
1474,+0+2-1+2+1+2
1475,+0+2-1-1+1+2
1476,+0+2-1-1-1-1
1477,+0-2+1+1+2-2
1478,+0+0-1-1+2-1
1479,+0+2+1-2+1-2
1480,+0+2-1+1-2-2
1481,-2-2-2+1+1+1
1482,+0+2+1-2+1+1
1483,+0+0-1-1+2-2
1484,+0-2+1+0+2-1
1485,+0+0-1+2+1-1
1486,+0+2-1-1-2-2
1487,+0+2+2+1-1-2
1488,-2-2+2+1+1-2
1489,-2-2-1-1+1-2
1490,+0+0-2+1+2-2
1491,-2+1+1+1-1+1
1492,+0-2-1+2+0+1
1493,-2+2+2+1+1-1
1494,-2-1+1+1+1-2
1495,+0+0+2-2+2-1
1496,+0-1-2-1+1-1
1497,+0+2-2+2+0+2
1498,+0-2-1-2+2+0
1499,-2+2+2+1+1+2
1500,+0-1-2-1+0-1
1501,-2-1+2+2+1-1
1502,+0-1-2-1-2-2
1503,-1+2+1+1+1-1
1504,+0-2-1-1-2+0
1505,-2-2+1-2+1+2
1506,+0-2-1+2-2+0
1507,+0+1+1-1-1-1
1508,+0-2-1+1+0-1
1509,+0+2+2+2-1+2
1510,+0-2+2+0-2-1
1511,+0-2-1-2-2+1
1512,-2+2-2+1+2+1
1513,+0-2+2+0-2-2
1514,+0-1-2-2-2-2
1515,+0-2+1-1+0+2
1516,+0-2-1+1+2+0
1517,+0-1-2-2-1-2
1518,+0-1-2-2-1-1
1519,+0-2-1+1+0+2
1520,+0-2+1+2-1+2
1521,+0-2-1-2-1-1
1522,+0-1-2-1-2+1
1523,+0-1+1-1-2-2
1524,-2+1+1+1+2-1
1525,-2-1-2-1+1+1
1526,-2-2+1-2+1-2
1527,+0+0-1-1-1+2
1528,+0+0-2+2-1-1
1529,-2-2-1+1+1+2
1530,+0-1+1-2+1-2
1531,+0+0-1-2+2-1
1532,+0-1+1-2-2+1
1533,-1-1+2-1+1+1
1534,-2-2-1-1+1-1
1535,-2+1-1+2+2+1
1536,-2+1+1-1+1+2
1537,+0-1-1+2+2+0
1538,+0-1+2+0-2-2
1539,-2-2-2-2-2-1
1540,+0-1+2-2+1+2
1541,-2-1-1-2+1+2
1542,-2+1+2-1+2+1
1543,-2-1-2+1+1+2
1544,+0+0-2+2+1-1
1545,+0-1+2+0-2-1
1546,+0-1+1-1-1-2
1547,-2+1+2+2-1+1
1548,+0+1+1-1-2-2
1549,+0-1+2+0-2+1
1550,+0+1+1-2-1-2
1551,-2-1-1-2-1-1
1552,-2+1+2+2-1-1
1553,-2-2-2-2-1+2
1554,-2+1+1-1+1-1
1555,-2-2-2-1+1-2
1556,-2-1-1-2+1+1
1557,+0-1-1+1-2-1
1558,-1-1+1-1+1+2
1559,-2+1-1+1+1-1
1560,+0+1+2-1+2-1
1561,-2-1-1-1-1-1
1562,+0+1+2-1-1-2
1563,+0-1+1-1-1+1
1564,+0+0-2+1+1-2
1565,-2+1-1+1+1-2
1566,+0-1-1+2+1+2
1567,+0-1+2+2-2+2
1568,-2-2-1-2+1-1
1569,+0+0-1+2-1+2
1570,+0+0+2-1+2-1
1571,-2+1-2+1-2+1
1572,-1+2+1+2+1-1
1573,+0+2-1-2+1-2
1574,+0-2-1+2+2+1
1575,-2+2-1+2+1+2
1576,-2+2+2+1+1-2
1577,+0-1-2-2+1-2
1578,+0+2+2+1-2-1
1579,+0-1-2-1+0+2
1580,+0-2-1-1+2+0
1581,+0-2-1-1-2+1
1582,+0-2-1-1-2-1
1583,-2+2+2+2+1-1
1584,+0+1-2-2-1-2
1585,+0-2-1-1+0+2
1586,-1+1+2+1-1+1
1587,+0-2+1-2+0+2
1588,+0-2+2+1+2-1
1589,+0-2-1-2+2-1
1590,+0+0-2-2-1+2
1591,-1+2+1+1-1+1
1592,-2-1+2+2-2+1
1593,+0+2-1-1-1-2
1594,+0-2-1+0+1-1
1595,+0+2-1-1+0+2
1596,+0+2-1+1-1-2
1597,+0-2+0+2-1+2
1598,-1-1-1+1+2+1
1599,+0+2+2+1-2+1
1600,+0-2+2-2+2+2
1601,-2+2+2+2+2-2
1602,-2-1+1-2+1+1
1603,+0-1+0-1-1+2
1604,+0-2+2-1+2+1
1605,+0-2+2+1+1-2
1606,+0+2+1+0-1+2
1607,-2+2+2+2-1-1
1608,-2+2-1+1+2+1
1609,+0-2+1+1+2-1
1610,+0-2+2-1+0+1
1611,-2+2+2+1+2-1
1612,+0-2-1+1-2-1
1613,+0+2-2+1-2-2
1614,+0-2+1+0-1+2
1615,-1+2+1-1+1+2
1616,+0-2+2+0-1+2
1617,+0-2+1+1-1+2
1618,+0-2+2+0-2+1
1619,+0-2-1+1+1+2
1620,+0-2-1+1+2+1
1621,+0-2-1+1-1+1
1622,+0-2-1+1-1-2
1623,+0+1-2-1+1-2
1624,+0-1-2+2+1+0
1625,-1+1-1+1-1+1
1626,+0+1-1-2-2+1
1627,+0+1-2+1-2-2
1628,+0-2-2+0-1-1
1629,+0-2-2+0-2-2
1630,-1+1+1-1+2+1
1631,+0+1-2+1-1-2
1632,+0-2+1-1-1+1
1633,+0-2+1-1+2-1
1634,-2-1+1-1+1+1
1635,+0+1-1-2-2-1
1636,-2+1-1-1+2+1
1637,+0+2-2-2-1-1
1638,+0-2-2+1+1+2
1639,+0+1-1-2+1-2
1640,-2-1+1+1+1-1
1641,+0+1-1-1-2+1
1642,+0+1-1-1-1+2
1643,+0-1-1-1-2-2
1644,+0+2+2-1+1+1
1645,+0-2+0+2+2-1
1646,+0-2+1+2-2+2
1647,+0+0-2+2-2+2
1648,+0+1-1+2-2+1
1649,+0+2+1-1+2-2
1650,+0-2-2-2+0+2
1651,+0-2+1-1-1-2
1652,-2+1-2+1-1+1
1653,+0-2-2+1+2+1
1654,+0+2+1-1+2-1
1655,+0-2-2+1-1-1
1656,+0-2+1-2+1-1
1657,+0-2-2+1+0+2
1658,+0+2-1+1+1-2
1659,+0+2-1+1+1-1
1660,-2+2+1+1+1+2
1661,+0-2+1-1-2-2
1662,+0-2-2+2-2+0
1663,+0+2-2-1-2-1
1664,+0-2-2-2-1-1
1665,+0-2-2-1+2+0
1666,+0-2-2-1-1+1
1667,+0-2-2-1-1-2
1668,-2+1-2+1+2+1
1669,-2-1-1+1-1+1
1670,+0+1-2+2-1+2
1671,+0+2-2-2+1+2
1672,+0+2+2-2+0+1
1673,-2-1-1+1-1-2
1674,+0+2-1-2-1-2
1675,-2-1-2+2+1+2
1676,-2-1-1-1+2+1
1677,-2-1+1+2-1+2
1678,-2+1+1+2-1+1
1679,-2-1-2+1-1-2
1680,-2-1-2-1-1-1
1681,-2-1+1+2+2-1
1682,-2-1-2-1-2-1
1683,-2+2-2+1+2+2
1684,-2-1+1+2+1-2
1685,-2+2-1-1+1+1
1686,-2-1+2+1-2+1
1687,-2-1+1-1+1-1
1688,-2+1-1-1-1+1
1689,-2+2+1+1-1-1
1690,-2-1+2-1+1-2
1691,-2+2+1+1+2-1
1692,-2-1+2-1+2+1
1693,-2-1+2-2+1+1
1694,-2+1+2-1+1-1
1695,-2-1-1+1-1-1
1696,+0+0-2-1+2-2
1697,-2-1+2+2-2+2
1698,-2-1-1+2+1+1
1699,-2-1-1-1-1+1
1700,-2-1-1+2-1+1
1701,-2-1-1+2-1-1
1702,-2+1-1-1+1+2
1703,-2-1-1-1+1-2
1704,-2+1-1+2+2+2
1705,-2-1+2-1+1+1
1706,-2+2+1+2+2-1
1707,-2-1-2+1-1-1
1708,-2-1+2+1+1-1
1709,-2-1+1-1-1+1
1710,-2-1+1-1-1-1
1711,-2-1+1-2+1+2
1712,-2+1+1-2+1+1
1713,-2-1-2+1+2+1
1714,-2-1+1-2+1-1
1715,-2+2+2+1+2-2
1716,-2-1+2+1+2-1
1717,-2+1+2-1+1+2
1718,-2-1+2+1-1+1
1719,-2+1+2+1-1-1
1720,-1+2+2+1+1+2
1721,-2+1+2+2+2-1
1722,-2-1-1-2-2+1
1723,-2+2+1-1+2+2
1724,-2+1+2+2-1+2
1725,+0-1+2+1+2-1
1726,+0-2-1-2-1+1
1727,-1+2+2+2+1+2
1728,+0+2-1+2-2+2
1729,+0+2-1-1+1-1
1730,+0+2-1-1+2-1
1731,+0+2-1-1-2+2
1732,+0-1+0+2+2-1
1733,+0+2-1-2-1+2
1734,+0+2-1-2-2-1
1735,+0+2-1-2+0+2
1736,+0+2-2+1-1+2
1737,+0+2-2+1-2+2
1738,+0+2-2+2+1-1
1739,+0+2-2+2-1-2
1740,+0-1-2-2+1-1
1741,+0+2-2-1+1+2
1742,+0-1-2-1-1-2
1743,+0+2-2-1+1-1
1744,+0-1-2-1+1-2
1745,+0-1-2+2+2+0
1746,+0-1-2+2+2+2
1747,+0-1-2+2+1-1
1748,+0-1-2+2+1+1
1749,+0-1-2+1-2-1
1750,+0-1+0-1-2+2
1751,+0+2-1+2-1+2
1752,+0+2+2+1-1-1
1753,+0+2-1+2-1+1
1754,+0-2+1-2-1-2
1755,+0-2+1-2-1-1
1756,+0-2+1-2-1+2
1757,+0-2+1-2+1-2
1758,+0-2+1-1-2-1
1759,+0+2+2+2-1-2
1760,+0-2+1-1+1-2
1761,+0+2+2-1+1+2
1762,+0+2+2-1+2+1
1763,+0+2+2-1-1-2
1764,+0-2+1+2+2-2
1765,+0-2+1+2+2-1
1766,+0+2+2-2+2+2
1767,+0+2+2-2+2-1
1768,+0+2+2-2+2-2
1769,+0+2+2+0-1+1
1770,+0+2-1+1-1-1
1771,+0-2+1+1-2+2
1772,+0+2-1+1-2+1
1773,+0+2-1+1-2+2
1774,+0+2-1+1-2-1
1775,+0-1-2+1-2+1
1776,+0-1-2+1+2+0
1777,+0-1-2+1+2+1
1778,+0-1-2+1+1-2
1779,+0-1+1+2+2-2
1780,+0-1+1+2-2+2
1781,+0-1+2+0+1-2
1782,+0-1+1-1+1-2
1783,+0-1+2-2+0+2
1784,+0-1+2-2-2-2
1785,+0-1+2-2+2+0
1786,+0-1+2-2+2+1
1787,+0-1+2-2+1-2
1788,+0-1+2-2+1-1
1789,+0-1+2-1-2-2
1790,+0-1+2-1-2+1
1791,+0-1+2-1+2+0
1792,+0-1+2-1+1-2
1793,+0-1+1-1-1+2
1794,+0-1+1-2+1-1
1795,+0-1+2+2+2-2
1796,+0-1+2+2+2-1
1797,+0-1+1-2-1+1
1798,+0-1+1+0+2-2
1799,+0-1+2+1-2+2
1800,+0-1+1+2+2-1
1801,+0-1-1+1+1-2
1802,+0-1+1+1+2-1
1803,+0-1-1-2+1-2
1804,+0+2-2-1-2+1
1805,+0-1-1+0-2+2
1806,+0-1-1+0+2-1
1807,+0+2-2-2+1-1
1808,+0+2-2-2+1-2
1809,+0-1-1-2-2-1
1810,+0-1-1-2-2+2
1811,+0-1-1-2-2+1
1812,+0+2-2-2-1+1
1813,+0+2-2-2-2+1
1814,+0-1-1+1-1-2
1815,+0-1-1-1-1-2
1816,+0-1-1-1+1-2
1817,-1-1+2-1+2+2
1818,+0-1-1+2+0+2
1819,+0-1-1+2-2+1
1820,+0-1-1+2-1-2
1821,+0-1-1+2+2+2
1822,+0-1-1+2+1+1
1823,+0-1-1+1-2-2
1824,+0-2+1-2+0-1
1825,+0+2+1-2-2-2
1826,-2-2+2-1+1+1
1827,+0+1+2-1+1-2
1828,+0+1+2-2+2-2
1829,+0-2+0-1-1+2
1830,+0+1+2-2-2-1
1831,+0+1-1+1-2+2
1832,+0+1-1+2-1+1
1833,+0+1-1+2-1+2
1834,+0+1-1+2-1-1
1835,+0+1-1+2-2-1
1836,+0+1-1+2-2-2
1837,+0+1-1-1+2-2
1838,+0+1-1-2-2+2
1839,+0-2+0+1+2-2
1840,+0+1-2+1+1-2
1841,+0+1-2+1-1+2
1842,+0+1-2+1-1-1
1843,+0-2-2+0+1-2
1844,+0+1-2+2+1-1
1845,+0-2-2-2-1+1
1846,+0-2-2-2+2-1
1847,+0+1-2+2-1+1
1848,+0-2-2-2+1-1
1849,+0+1+2-1+2-2
1850,-1-1-1+2+1+2
1851,+0+2+1-2-2-1
1852,-1-1-1+2+2+1
1853,-2-2+2-1+2+2
1854,-2-2+2-2+1-2
1855,-2-2-1+1+1-1
1856,-2-2-1-2+1-2
1857,+0+0-1+2+2-1
1858,-2-2-1-2+2-2
1859,+0+0-1+2+1-2
1860,-2-2-2+1-1+1
1861,-2-2-2-1+1-1
1862,-2-2-2-2-1+1
1863,-1+2-1+1+1+2
1864,+0+0+2-2+2-2
1865,-1-1-1-1-1+1
1866,+0+1+1-1+2-2
1867,+0+1+1-1-2+1
1868,-1+2-1+2+2+2
1869,+0+1+1-2+2-2
1870,+0+1+1-2-1-1
1871,+0+1+2+1-2+2
1872,-1-1-1+2-1+1
1873,-1-1-1+2+2+2
1874,+0+1-2+2-2+1
1875,+0-2-2-1-2+1
1876,+0-2-2+2+0+1
1877,+0-2-2+2-1-2
1878,+0-2+2+0-1-2
1879,+0-2+2+0-1-1
1880,+0-2+2+0+2-1
1881,+0+2+1+1-2+2
1882,+0-2+2+0+1-2
1883,+0-2+2-2+1+0
1884,+0-2+2-2+1+2
1885,+0-2+2-1-2+1
1886,+0-2+2-1-1+0
1887,+0-2+2-1-1-1
1888,+0-2+2-1+2+0
1889,+0-2+2-1+2-1
1890,+0-2+2-1+1+0
1891,+0-2+2-1+1-2
1892,+0-2+2-1+1+2
1893,+0+2+1-1+1+2
1894,+0-2+2+2+2-1
1895,+0+2+1-1-1-2
1896,+0+2+1-2+1-1
1897,+0+2+1-2+2-1
1898,+0-2+2+1-2+2
1899,+0-2+2+0-2+2
1900,+0-2-1+1-2+1
1901,+0-2-1+2+1+0
1902,+0-2-1-2-2-2
1903,+0-2-2+2-1-1
1904,+0-2-2+2+2+2
1905,+0-2-2+2+1+2
1906,+0-2-2+2+1+1
1907,+0-2-2+1-2+1
1908,+0-2-2+1-1+1
1909,+0-2-1+0+2-1
1910,+0+1-2-1+2-2
1911,+0-2-1-2+0+2
1912,+0-2-1-2-2-1
1913,+0-2-1+2-1+1
1914,+0-2-1-2-2+2
1915,+0-2-1-2-1-2
1916,+0-2-1-2-1+2
1917,+0+1-2-2-1+2
1918,+0-2-1-2+1-1
1919,+0-2-1-1-1+2
1920,+0-2-1-1+1-1
1921,-1-1-1+1-1+1
1922,+0-2-1+2-2-2
1923,+0-1+2+0+2-1
